<?xml version="1.0" encoding="UTF-8"?>

<databaseChangeLog
        xmlns="http://www.liquibase.org/xml/ns/dbchangelog/1.9"
        xmlns:xsi="http://www.w3.org/2001/XMLSchema-instance"
        xsi:schemaLocation="http://www.liquibase.org/xml/ns/dbchangelog/1.9
        http://www.liquibase.org/xml/ns/dbchangelog/dbchangelog-1.9.xsd">
    <include file="classpath:db/changelog/prod/supplier_portal_changelog_ddl.xml" />
    <changeSet id="1" author="pragarwal">
        <sqlFile path="classpath:/db/changelog/prod/ddl/pim_ddl.sql" splitStatements="false" />
    </changeSet>

    <changeSet id="2" author="moiz">
        <sql>
            CREATE TABLE IF NOT EXISTS public.shedlock (
            name VARCHAR(64),
            lock_until TIMESTAMP(3) NULL,
            locked_at TIMESTAMP(3) NULL,
            locked_by VARCHAR(255),
            PRIMARY KEY (name)
            )
        </sql>
    </changeSet>

    <changeSet id="3" author="moiz">
        <sql>
            CREATE TABLE IF NOT EXISTS public.cron_job
            (
            id VARCHAR(255) PRIMARY KEY,
            status VARCHAR(255),
            last_updated TIMESTAMP WITHOUT TIME ZONE,
            start_date TIMESTAMP WITHOUT TIME ZONE,
            end_date TIMESTAMP WITHOUT TIME ZONE,
            modified_date timestamp(6) without time zone DEFAULT (now() AT time zone 'UTC')
            )
        </sql>
    </changeSet>

    <changeSet id="4" author="pragarwal">
        <sql>
            CREATE INDEX idx_product_modified_date on product(modified_date);
        </sql>
    </changeSet>
    <changeSet id="5" author="pragarwal">
        <sqlFile path="classpath:/db/changelog/prod/ddl/pim_core_attribute_ddl.sql" splitStatements="false" />
    </changeSet>
    <changeSet id="6" author="pragarwal">
        <sql>
            ALTER TABLE public.product Add creation_time timestamp(6) without time zone;
        </sql>
    </changeSet>
    <changeSet id="7" author="pragarwal">
        <sql>
            ALTER TABLE public.product Add unpublished_pos character varying(255)[];
        </sql>
    </changeSet>
    <changeSet id="8" author="ksingla">
        <sql>
            CREATE INDEX idx_attribute_assignment_classification_id on attribute_assignment(classification_id);
            CREATE INDEX idx_category_nlevel_path_country_category_type ON category (nlevel(path), country, category_type);
            CREATE INDEX idx_category_parent_id ON category (parent_id);
            CREATE INDEX idx_core_attribute_attr_type_country on core_attribute (attr_type, country);
        </sql>
    </changeSet>
    <changeSet id="HEPP-147" author="pragarwal">
        <sql>
            ALTER TABLE public.attribute_assignment Add display_order integer;
        </sql>
    </changeSet>
    <changeSet id="HEPP-130" author="pragarwal">
        <sqlFile path="classpath:/db/changelog/prod/updates/core_attr_lang_update.sql" splitStatements="false" />
    </changeSet>
    <changeSet id="HEPP-148" author="droopshekhar">
        <sql>
            ALTER TABLE public.category Add substituted boolean;
        </sql>
    </changeSet>
    <changeSet id="HEPP-119" author="ksingla">
        <sql>
            CREATE INDEX idx_product_attribute_value_product_code_product_country ON public.product_attribute_value (product_code, product_country);
            CREATE INDEX idx_product_gallery_media_country ON  public.product_gallery(media_country);
            CREATE INDEX idx_product_gallery_product_code on product_gallery(product_code);
        </sql>
    </changeSet>
    <changeSet id="HEPP-17" author="droopshekhar">
        <sql>
            ALTER TABLE public.product Add seller_Id character varying(25);
            ALTER TABLE public.product Add super_Seller_Id character varying(25);
            CREATE INDEX idx_product_ean on product(ean);
        </sql>
    </changeSet>
    <changeSet id="HEPP-146" author="pjain">
        <sql>
            CREATE TABLE IF NOT EXISTS public.marketplace_category_mapping (
            country varchar(30) NOT NULL,
            source_category varchar(255) NOT NULL,
            target_category varchar(255) NOT NULL,
            category_type varchar(30) NOT NULL,
            modified_date timestamp(6) without time zone DEFAULT (NOW() AT time zone 'UTC'),
            CONSTRAINT marketplace_category_mapping_pk PRIMARY KEY (country, source_category, category_type),
            CONSTRAINT marketplace_category_mapping_source_category_fk FOREIGN KEY (source_category) REFERENCES public.category(id),
            CONSTRAINT marketplace_category_mapping_target_category_fk FOREIGN KEY (target_category) REFERENCES public.category(id)
            );

            CREATE INDEX idx_marketplace_category_mapping_country_type_target_category ON public.marketplace_category_mapping (country,category_type,target_category);
        </sql>
    </changeSet>
    <changeSet id="242" author="droopshekhar">
        <sql>
            CREATE INDEX idx_product_marketplace_modified_date on product(marketplace_product, modified_date);
        </sql>
    </changeSet>
</databaseChangeLog>