<?xml version="1.0" encoding="UTF-8"?>

<databaseChangeLog
        xmlns="http://www.liquibase.org/xml/ns/dbchangelog/1.9"
        xmlns:xsi="http://www.w3.org/2001/XMLSchema-instance"
        xsi:schemaLocation="http://www.liquibase.org/xml/ns/dbchangelog/1.9
        http://www.liquibase.org/xml/ns/dbchangelog/dbchangelog-1.9.xsd">
    <include file="classpath:db/changelog/prod/changelog_ddl.xml" />
    <include file="classpath:db/changelog/prod/changelog_dml.xml" />
    <include file="classpath:db/changelog/prod/KEN/changelog_ddl.xml" />
    <include file="classpath:db/changelog/prod/KEN/changelog_dml.xml" />
    <include file="classpath:db/changelog/prod/PAK/changelog_ddl.xml" />
    <include file="classpath:db/changelog/prod/PAK/changelog_dml.xml" />
    <include file="classpath:db/changelog/prod/JOR/changelog_ddl.xml" />
    <include file="classpath:db/changelog/prod/JOR/changelog_dml.xml" />
    <include file="classpath:db/changelog/prod/common/common.xml" />

</databaseChangeLog>