<?xml version="1.0" encoding="UTF-8"?>

<databaseChangeLog
        xmlns="http://www.liquibase.org/xml/ns/dbchangelog/1.9"
        xmlns:xsi="http://www.w3.org/2001/XMLSchema-instance"
        xsi:schemaLocation="http://www.liquibase.org/xml/ns/dbchangelog/1.9
        http://www.liquibase.org/xml/ns/dbchangelog/dbchangelog-1.9.xsd">

    <changeSet id="pim_ddl" author="pragarwal">
        <sqlFile path="classpath:/db/changelog/prod/tier-a/ddl/pim_ddl.sql" splitStatements="false" />
    </changeSet>

    <changeSet id="indexes" author="pragarwal">
        <sql>
            CREATE INDEX idx_product_modified_date on product(modified_date);
            CREATE INDEX idx_attribute_assignment_classification_id on attribute_assignment(classification_id);
            CREATE INDEX idx_category_nlevel_path_country_category_type ON category (nlevel(path), country, category_type);
            CREATE INDEX idx_category_parent_id ON category (parent_id);
            CREATE INDEX idx_core_attribute_attr_type_country on core_attribute (attr_type, country);
            CREATE INDEX idx_product_attribute_value_product_code_product_country ON public.product_attribute_value (product_code, product_country);
            CREATE INDEX idx_product_gallery_media_country ON  public.product_gallery(media_country);
            CREATE INDEX idx_product_gallery_product_code on product_gallery(product_code);
        </sql>
    </changeSet>
    <changeSet id="HEPP-17" author="droopshekhar">
        <sql>
            ALTER TABLE public.product Add seller_Id character varying(25);
            ALTER TABLE public.product Add super_Seller_Id character varying(25);
            CREATE INDEX idx_product_ean on product(ean);
        </sql>
    </changeSet>
    <changeSet id="HEPP-146" author="pjain">
        <sql>
            CREATE TABLE IF NOT EXISTS public.marketplace_category_mapping (
            country varchar(30) NOT NULL,
            source_category varchar(255) NOT NULL,
            target_category varchar(255) NOT NULL,
            category_type varchar(30) NOT NULL,
            modified_date timestamp(6) without time zone DEFAULT (NOW() AT time zone 'UTC'),
            CONSTRAINT marketplace_category_mapping_pk PRIMARY KEY (country, source_category, category_type),
            CONSTRAINT marketplace_category_mapping_source_category_fk FOREIGN KEY (source_category) REFERENCES public.category(id),
            CONSTRAINT marketplace_category_mapping_target_category_fk FOREIGN KEY (target_category) REFERENCES public.category(id)
            );

            CREATE INDEX idx_marketplace_category_mapping_country_type_target_category ON public.marketplace_category_mapping (country,category_type,target_category);
        </sql>
    </changeSet>
    <changeSet id="242" author="droopshekhar">
        <sql>
            CREATE INDEX idx_product_marketplace_modified_date on product(marketplace_product, modified_date);
        </sql>
    </changeSet>
</databaseChangeLog>