<?xml version="1.0" encoding="UTF-8"?>

<databaseChangeLog
        xmlns="http://www.liquibase.org/xml/ns/dbchangelog/1.9"
        xmlns:xsi="http://www.w3.org/2001/XMLSchema-instance"
        xsi:schemaLocation="http://www.liquibase.org/xml/ns/dbchangelog/1.9
        http://www.liquibase.org/xml/ns/dbchangelog/dbchangelog-1.9.xsd">

    <include file="classpath:db/changelog/prod/tier-a/changelog_ddl.xml" />
    <include file="classpath:db/changelog/prod/tier-a/supplier_portal_changelog_ddl.xml" />
    <include file="classpath:db/changelog/prod/tier-a/changelog_dml.xml" />
    <include file="classpath:db/changelog/test/tier-a/KWT/changelog_ddl.xml" />
    <include file="classpath:db/changelog/test/tier-a/KWT/changelog_dml.xml" />
    <include file="classpath:db/changelog/prod/tier-a/BHR/changelog_ddl.xml" />
    <include file="classpath:db/changelog/prod/tier-a/BHR/changelog_dml.xml" />
    <include file="classpath:db/changelog/prod/tier-a/EGY/changelog_ddl.xml" />
    <include file="classpath:db/changelog/prod/tier-a/EGY/changelog_dml.xml" />
    <include file="classpath:db/changelog/prod/common/common.xml" />
</databaseChangeLog>