<?xml version="1.0" encoding="UTF-8"?>

<databaseChangeLog
        xmlns="http://www.liquibase.org/xml/ns/dbchangelog/1.9"
        xmlns:xsi="http://www.w3.org/2001/XMLSchema-instance"
        xsi:schemaLocation="http://www.liquibase.org/xml/ns/dbchangelog/1.9
        http://www.liquibase.org/xml/ns/dbchangelog/dbchangelog-1.9.xsd">

    <include file="classpath:db/changelog/prod/tier-b/changelog_ddl.xml" />
    <include file="classpath:db/changelog/prod/tier-b/supplier_portal_changelog_ddl.xml" />
    <include file="classpath:db/changelog/prod/tier-b/changelog_dml.xml" />
    <include file="classpath:db/changelog/prod/tier-b/SAU/changelog_ddl.xml" />
    <include file="classpath:db/changelog/prod/tier-b/SAU/changelog_dml.xml" />
    <include file="classpath:db/changelog/prod/tier-b/QAT/changelog_ddl.xml" />
    <include file="classpath:db/changelog/prod/tier-b/QAT/changelog_dml.xml" />
    <include file="classpath:db/changelog/prod/tier-b/OMN/changelog_ddl.xml" />
    <include file="classpath:db/changelog/prod/tier-b/OMN/changelog_dml.xml" />
    <include file="classpath:db/changelog/prod/common/common.xml" />
</databaseChangeLog>