"code"|"classificationClass"
"NFLEB9030107"|"F-Non-consumable"
"NFLEB4110000"|"F-Non-consumable"
"FLEB1030100"|"F-Non-consumable"
"FLEB1030500"|"F-Non-consumable"
"FLEB1050100"|"F-Non-consumable"
"NFLEB3020700"|"F-Non-consumable"
"FLEB1050400"|"F-Non-consumable"
"FLEB1030200"|"F-Non-consumable"
"NFLEB3020900"|"F-Non-consumable"
"NFLEB4040010"|"F-Non-consumable"
"NFLEB5070300"|"F-Non-consumable"
"NFLEB5070200"|"F-Non-consumable"
"NFLEB5070500"|"F-Non-consumable"
"NFLEB5070400"|"F-Non-consumable"
"NFLEB5050300"|"F-Non-consumable"
"NFLEB5050900"|"F-Non-consumable"
"NFLEB5050600"|"F-Non-consumable"
"NFLEB5050010"|"F-Non-consumable"
"NFLEB5050100"|"F-Non-consumable"
"NFLEB5050700"|"F-Non-consumable"
"NFLEB5050500"|"F-Non-consumable"
"NFLEB5050800"|"F-Non-consumable"
"NFLEB5050200"|"F-Non-consumable"
"NFLEB5050400"|"F-Non-consumable"
"NFLEB5010300"|"F-Non-consumable"
"NFLEB5010400"|"F-Non-consumable"
"NFLEB5030600"|"F-Non-consumable"
"NFLEB5030800"|"F-Non-consumable"
"NFLEB5060100"|"F-Non-consumable"
"NFLEB5060200"|"F-Non-consumable"
"NFLEB5080300"|"F-Non-consumable"
"NFLEB5060300"|"F-Non-consumable"
"NFLEB5080100"|"F-Non-consumable"
"NFLEB5040400"|"F-Non-consumable"
"NFLEB5040300"|"F-Non-consumable"
"NFLEB7040600"|"F-Non-consumable"
"NFLEB8010500"|"F-Non-consumable"
"NFLEB8050700"|"F-Non-consumable"
"NFLEB8020400"|"F-Non-consumable"
"NFLEB8060400"|"F-Non-consumable"
"NFLEB8070200"|"F-Non-consumable"
"NFLEB8080200"|"F-Non-consumable"
"NFLEB8090500"|"F-Non-consumable"
"NFLEB8101300"|"F-Non-consumable"
"NFLEB8101400"|"F-Non-consumable"
"NFLEB8101500"|"F-Non-consumable"
"NFLEB9040200"|"F-Non-consumable"
"NFLEB9040300"|"F-Non-consumable"
"NFLEB9040100"|"F-Non-consumable"
"NFLEB9040400"|"F-Non-consumable"
"NFLEB9040500"|"F-Non-consumable"
"NFLEB1210800"|"F-Non-consumable"
"NFLEB9040600"|"F-Non-consumable"
"NFLEB1210600"|"F-Non-consumable"
"NFLEB1210900"|"F-Non-consumable"
"NFLEB1320200"|"F-Non-consumable"
"NFLEB1340200"|"F-Non-consumable"
"NFLEB1360100"|"F-Non-consumable"
"NFLEB1430100"|"F-Non-consumable"
"NFLEB1412100"|"F-Non-consumable"
"NFLEB1412200"|"F-Non-consumable"
"NFLEB8050114"|"F-Non-consumable"
"NFLEB8050112"|"F-Non-consumable"
"NFLEB8101600"|"F-Non-consumable"
"NFLEB5030400"|"F-Non-consumable"
"FLEB1010400"|"F-Non-consumable"
"FLEB1070200"|"F-Non-consumable"
"FLEB1010200"|"F-Non-consumable"
"FLEB1070100"|"F-Non-consumable"
"FLEB1020200"|"F-Non-consumable"
"FLEB1030302"|"F-Non-consumable"
"FLEB1020600"|"F-Non-consumable"
"FLEB1030301"|"F-Non-consumable"
"NFLEB2010202"|"F-Non-consumable"
"NFLEB2010109"|"F-Non-consumable"
"NFLEB2050406"|"F-Non-consumable"
"NFLEB4050203"|"F-Non-consumable"
"NFLEB4070103"|"F-Non-consumable"
"NFLEB4070108"|"F-Non-consumable"
"NFLEB4070105"|"F-Non-consumable"
"NFLEB4070402"|"F-Non-consumable"
"NFLEB4070403"|"F-Non-consumable"
"NFLEB4080304"|"F-Non-consumable"
"NFLEB4080305"|"F-Non-consumable"
"NFLEB4080303"|"F-Non-consumable"
"NFLEB4090307"|"F-Non-consumable"
"NFLEB4090306"|"F-Non-consumable"
"NFLEB5010903"|"F-Non-consumable"
"NFLEB4090305"|"F-Non-consumable"
"NFLEB5010902"|"F-Non-consumable"
"NFLEB5010901"|"F-Non-consumable"
"NFLEB5010904"|"F-Non-consumable"
"NFLEB5010209"|"F-Non-consumable"
"NFLEB5010202"|"F-Non-consumable"
"NFLEB5010210"|"F-Non-consumable"
"NFLEB5010214"|"F-Non-consumable"
"NFLEB5010213"|"F-Non-consumable"
"NFLEB5010208"|"F-Non-consumable"
"NFLEB5010204"|"F-Non-consumable"
"NFLEB5010201"|"F-Non-consumable"
"NFLEB5010211"|"F-Non-consumable"
"NFLEB5010212"|"F-Non-consumable"
"NFLEB5010207"|"F-Non-consumable"
"NFLEB5010205"|"F-Non-consumable"
"NFLEB5010206"|"F-Non-consumable"
"NFLEB5030304"|"F-Non-consumable"
"NFLEB5030303"|"F-Non-consumable"
"NFLEB5030302"|"F-Non-consumable"
"NFLEB5030403"|"F-Non-consumable"
"NFLEB5040201"|"F-Non-consumable"
"NFLEB5040501"|"F-Non-consumable"
"NFLEB7040508"|"F-Non-consumable"
"NFLEB7040511"|"F-Non-consumable"
"NFLEB5040502"|"F-Non-consumable"
"NFLEB7040509"|"F-Non-consumable"
"NFLEB7040510"|"F-Non-consumable"
"NFLEB8010501"|"F-Non-consumable"
"NFLEB8010601"|"F-Non-consumable"
"NFLEB8010502"|"F-Non-consumable"
"NFLEB8010503"|"F-Non-consumable"
"NFLEB8040308"|"F-Non-consumable"
"NFLEB8120101"|"F-Non-consumable"
"NFLEB81100101"|"F-Non-consumable"
"NFLEB8051004"|"F-Non-consumable"
"NFLEB8070105"|"F-Non-consumable"
"NFLEB8070102"|"F-Non-consumable"
"NFLEB8070103"|"F-Non-consumable"
"NFLEB8070101"|"F-Non-consumable"
"NFLEB8070305"|"F-Non-consumable"
"NFLEB8070302"|"F-Non-consumable"
"NFLEB8070306"|"F-Non-consumable"
"NFLEB8070307"|"F-Non-consumable"
"NFLEB8070304"|"F-Non-consumable"
"NFLEB8070303"|"F-Non-consumable"
"NFLEB8070301"|"F-Non-consumable"
"NFLEB8070309"|"F-Non-consumable"
"NFLEB8090301"|"F-Non-consumable"
"NFLEB8100201"|"F-Non-consumable"
"NFLEB9030115"|"F-Non-consumable"
"NFLEB9030301"|"F-Non-consumable"
"NFLEB9030302"|"F-Non-consumable"
"NFLEB9030202"|"F-Non-consumable"
"NFLEB9030203"|"F-Non-consumable"
"NFLEB9030109"|"F-Non-consumable"
"NFLEB9030102"|"F-Non-consumable"
"NFLEB9030108"|"F-Non-consumable"
"NFLEB9030104"|"F-Non-consumable"
"NFLEB9030103"|"F-Non-consumable"
"NFLEB9030105"|"F-Non-consumable"
"NFLEB9030106"|"F-Non-consumable"
"NFLEB9030119"|"F-Non-consumable"
"NFLEB9030110"|"F-Non-consumable"
"NFLEB9020301"|"F-Non-consumable"
"NFLEB9020304"|"F-Non-consumable"
"NFLEB9020302"|"F-Non-consumable"
"NFLEB5040202"|"F-Non-consumable"
"NFLEB1360305"|"F-Non-consumable"
"NFLEB1210102"|"F-Non-consumable"
"NFLEB5030404"|"F-Non-consumable"
"NFLEB5030405"|"F-Non-consumable"
"NFLEB9030199"|"F-Non-consumable"
"NFLEB9020303"|"F-Non-consumable"
"NFLEB7030300"|"F-Non-consumable"
"NFLEB3020100"|"F-Non-consumable"
"NFLEB3010100"|"F-Non-consumable"
"NFLEB2090100"|"F-Non-consumable"
"NFLEB3090200"|"F-Non-consumable"
"NFLEB2070100"|"F-Non-consumable"
"NFLEB2110500"|"F-Non-consumable"
"NFLEB2110100"|"F-Non-consumable"
"NFLEB2111000"|"F-Non-consumable"
"FLEB1010300"|"F-Non-consumable"
"NFLEB2110300"|"F-Non-consumable"
"NFLEB2111100"|"F-Non-consumable"
"NFLEB2110600"|"F-Non-consumable"
"NFLEB3100200"|"F-Non-consumable"
"NFLEB3090300"|"F-Non-consumable"
"NFLEB3090400"|"F-Non-consumable"
"NFLEB3021000"|"F-Non-consumable"
"NFLEB2080300"|"F-Non-consumable"
"NFLEB3100100"|"F-Non-consumable"
"FLEB1110700"|"F-Non-consumable"
"FLEB1130400"|"F-Non-consumable"
"FLEB1020505"|"F-Non-consumable"
"FLEB1020902"|"F-Non-consumable"
"FLEB1020702"|"F-Non-consumable"
"FLEB1020904"|"F-Non-consumable"
"NFLEB2020102"|"F-Non-consumable"
"NFLEB2010201"|"F-Non-consumable"
"FLEB1130502"|"F-Non-consumable"
"NFLEB2020103"|"F-Non-consumable"
"NFLEB2020104"|"F-Non-consumable"
"NFLEB2020301"|"F-Non-consumable"
"NFLEB2020202"|"F-Non-consumable"
"NFLEB2020203"|"F-Non-consumable"
"NFLEB2020305"|"F-Non-consumable"
"NFLEB2020201"|"F-Non-consumable"
"NFLEB2030201"|"F-Non-consumable"
"NFLEB2030202"|"F-Non-consumable"
"NFLEB2030301"|"F-Non-consumable"
"NFLEB2030303"|"F-Non-consumable"
"NFLEB2030401"|"F-Non-consumable"
"NFLEB2030402"|"F-Non-consumable"
"NFLEB2030503"|"F-Non-consumable"
"NFLEB2030504"|"F-Non-consumable"
"NFLEB2030505"|"F-Non-consumable"
"NFLEB2040502"|"F-Non-consumable"
"NFLEB2040506"|"F-Non-consumable"
"NFLEB2050101"|"F-Non-consumable"
"NFLEB2050201"|"F-Non-consumable"
"NFLEB2050104"|"F-Non-consumable"
"NFLEB2050402"|"F-Non-consumable"
"NFLEB2070202"|"F-Non-consumable"
"NFLEB2070301"|"F-Non-consumable"
"NFLEB2070304"|"F-Non-consumable"
"NFLEB2070305"|"F-Non-consumable"
"NFLEB2080104"|"F-Non-consumable"
"NFLEB2080105"|"F-Non-consumable"
"NFLEB2080103"|"F-Non-consumable"
"NFLEB2080208"|"F-Non-consumable"
"NFLEB2080209"|"F-Non-consumable"
"NFLEB2100101"|"F-Non-consumable"
"NFLEB2100102"|"F-Non-consumable"
"NFLEB2100103"|"F-Non-consumable"
"NFLEB2100105"|"F-Non-consumable"
"NFLEB2100107"|"F-Non-consumable"
"NFLEB2100108"|"F-Non-consumable"
"NFLEB3020151"|"F-Non-consumable"
"NFLEB3010401"|"F-Non-consumable"
"NFLEB3020101"|"F-Non-consumable"
"NFLEB3020301"|"F-Non-consumable"
"NFLEB3020401"|"F-Non-consumable"
"NFLEB3020402"|"F-Non-consumable"
"NFLEB3020501"|"F-Non-consumable"
"NFLEB3020502"|"F-Non-consumable"
"NFLEB3021101"|"F-Non-consumable"
"NFLEB3021201"|"F-Non-consumable"
"NFLEB3021202"|"F-Non-consumable"
"NFLEB3040202"|"F-Non-consumable"
"NFLEB3040102"|"F-Non-consumable"
"NFLEB7030403"|"F-Non-consumable"
"NFLEB3080301"|"F-Non-consumable"
"NFLEB3040101"|"F-Non-consumable"
"NFLEB3080202"|"F-Non-consumable"
"NFLEB3080104"|"F-Non-consumable"
"NFLEB3080101"|"F-Non-consumable"
"NFLEB3080203"|"F-Non-consumable"
"NFLEB3080106"|"F-Non-consumable"
"NFLEB3080105"|"F-Non-consumable"
"NFLEB3060102"|"F-Non-consumable"
"NFLEB3060104"|"F-Non-consumable"
"NFLEB2080207"|"F-Non-consumable"
"NFLEB2110200"|"F-Non-consumable"
"FLEB1120600"|"F-Non-consumable"
"NFLEB3020200"|"F-Non-consumable"
"FLEB1020905"|"F-Non-consumable"
"NFLEB3080303"|"F-Non-consumable"
"NFLEB3020305"|"F-Non-consumable"
"NFLEB2112032"|"F-Non-consumable"
"NFLEB2020401"|"F-Non-consumable"
"NFLEB2080106"|"F-Non-consumable"
"NFLEB2030404"|"F-Non-consumable"
"NFLEB2030502"|"F-Non-consumable"
"NFLEB3020304"|"F-Non-consumable"
"NFLEB3020303"|"F-Non-consumable"
"NFLEB3021103"|"F-Non-consumable"
"NFLEB3040103"|"F-Non-consumable"
"FLEB1140200"|"F-Non-consumable"
"NFLEB2110800"|"F-Non-consumable"
"NFLEB2010102"|"F-Non-consumable"
"FLEB1110202"|"F-Non-consumable"
"FLEB1110305"|"F-Non-consumable"
"FLEB1110303"|"F-Non-consumable"
"NFLEB2010101"|"F-Non-consumable"
"FLEB1110301"|"F-Non-consumable"
"FLEB1130501"|"F-Non-consumable"
"NFLEB2050401"|"F-Non-consumable"
"NFLEB2050301"|"F-Non-consumable"
"NFLEB3020152"|"F-Non-consumable"
"NFLEB2030101"|"F-Non-consumable"
"NFLEB7030401"|"F-Non-consumable"
"NFLEB7030402"|"F-Non-consumable"
"FLEB1020903"|"F-Non-consumable"
"FLEB1020504"|"F-Non-consumable"
"FLEB1020401"|"F-Non-consumable"
"NFLEB2030509"|"F-Non-consumable"
"NFLEB3020302"|"F-Non-consumable"
"NFLEB2040501"|"F-Non-consumable"
"NFLEB2030506"|"F-Non-consumable"
"NFLEB2020402"|"F-Non-consumable"
"NFLEB3010402"|"F-Non-consumable"
"FLEB1790700"|"F-Non-consumable"
"FLEB1110600"|"F-Non-consumable"
"NFLEB2050500"|"F-Non-consumable"
"NFLEB3070100"|"F-Non-consumable"
"NFLEB2302010"|"F-Non-consumable"
"FLEB1020704"|"F-Non-consumable"
"NFLEB3060101"|"F-Non-consumable"
"NFLEB3090100"|"F-Non-consumable"
"NFLEB3010202"|"F-Non-consumable"
"NFLEB3010203"|"F-Non-consumable"
"NFLEB3010204"|"F-Non-consumable"
"NFLEB3010205"|"F-Non-consumable"
"NFLEB3010206"|"F-Non-consumable"
"NFLEB3010207"|"F-Non-consumable"
"NFLEB3010208"|"F-Non-consumable"
"FLEB1010900"|"F-Non-consumable"
"FLEB1200401"|"consumable"
"FLEB1200411"|"consumable"
"FLEB1200420"|"consumable"
"FLEB1200403"|"consumable"
"FLEB1200404"|"consumable"
"FLEB1740207"|"consumable"
"FLEB1620111"|"consumable"
"FLEB1780400"|"consumable"
"FLEB1610509"|"consumable"
"FLEB1510307"|"consumable"
"FLEB1510308"|"consumable"
"FLEB1510310"|"consumable"
"FLEB1540202"|"consumable"
"FLEB1670411"|"consumable"
"FLEB1670412"|"consumable"
"NFLEB7030204"|"consumable"
"NFLEB7030209"|"consumable"
"NFLEB7030211"|"consumable"
"FLEB1780202"|"consumable"
"FLEB1780201"|"consumable"
"N1102001"|"consumable"
"FLEB1205021"|"consumable"
"FLEB1205022"|"consumable"
"FLEB1660400"|"consumable"
"FLEB1680103"|"consumable"
"FLEB1680102"|"consumable"
"FLEB1680101"|"consumable"
"FLEB1620903"|"consumable"
"FLEB1620902"|"consumable"
"FLEB1680201"|"consumable"
"FLEB1680202"|"consumable"
"FLEB1680203"|"consumable"
"FLEB1680205"|"consumable"
"FLEB1680206"|"consumable"
"FLEB1680207"|"consumable"
"FLEB1200408"|"consumable"
"FLEB1200492"|"consumable"
"FLEB1200495"|"consumable"
"FLEB1200491"|"consumable"
"FLEB1200494"|"consumable"
"FLEB1200493"|"consumable"
"FLEB1620507"|"consumable"
"FLEB1200441"|"consumable"
"FLEB1200442"|"consumable"
"FLEB1200443"|"consumable"
"FLEB1200406"|"consumable"
"FLEB1660508"|"consumable"
"NFLEB2112043"|"consumable"
"FLEB1760406"|"consumable"
"FLEB1610104"|"consumable"
"FLEB1040400"|"consumable"
"FLEB1610105"|"consumable"
"FLEB1610101"|"consumable"
"FLEB1610107"|"consumable"
"FLEB1610102"|"consumable"
"FLEB1610106"|"consumable"
"FLEB1610304"|"consumable"
"FLEB1610302"|"consumable"
"FLEB1610103"|"consumable"
"FLEB1610306"|"consumable"
"FLEB1610309"|"consumable"
"FLEB1610305"|"consumable"
"FLEB1610308"|"consumable"
"FLEB1610311"|"consumable"
"FLEB1610310"|"consumable"
"FLEB1610315"|"consumable"
"FLEB1610303"|"consumable"
"FLEB1610301"|"consumable"
"FLEB1610307"|"consumable"
"FLEB1610403"|"consumable"
"FLEB1610401"|"consumable"
"FLEB1610402"|"consumable"
"FLEB1610512"|"consumable"
"FLEB1610506"|"consumable"
"FLEB1610515"|"consumable"
"FLEB1610503"|"consumable"
"FLEB1610508"|"consumable"
"FLEB1610511"|"consumable"
"FLEB1610514"|"consumable"
"FLEB1610502"|"consumable"
"FLEB1610501"|"consumable"
"FLEB1610602"|"consumable"
"FLEB1610601"|"consumable"
"FLEB1610201"|"consumable"
"FLEB1610204"|"consumable"
"FLEB1610203"|"consumable"
"NFLEB2040100"|"consumable"
"NFLEB2040200"|"consumable"
"FLEB1610202"|"consumable"
"NFLEB2040700"|"consumable"
"NFLEB2040600"|"consumable"
"NFLEB2110400"|"consumable"
"NFLEB2110900"|"consumable"
"NFLEB2111300"|"consumable"
"NFLEB2050600"|"consumable"
"NFLEB2112010"|"consumable"
"FLEB1510400"|"consumable"
"FLEB1520400"|"consumable"
"FLEB1530200"|"consumable"
"FLEB1540300"|"consumable"
"FLEB1560100"|"consumable"
"FLEB1570300"|"consumable"
"FLEB1570200"|"consumable"
"FLEB1570400"|"consumable"
"FLEB1208007"|"consumable"
"FLEB1208005"|"consumable"
"FLEB1208008"|"consumable"
"FLEB1208006"|"consumable"
"FLEB1208001"|"consumable"
"FLEB1208003"|"consumable"
"FLEB1208002"|"consumable"
"FLEB1208004"|"consumable"
"FLEB1200607"|"consumable"
"FLEB1200602"|"consumable"
"FLEB1201005"|"consumable"
"FLEB1201001"|"consumable"
"FLEB1201002"|"consumable"
"FLEB1201003"|"consumable"
"FLEB1201006"|"consumable"
"FLEB1205090"|"consumable"
"FLEB1205050"|"consumable"
"FLEB1205060"|"consumable"
"FLEB1200703"|"consumable"
"FLEB1200701"|"consumable"
"FLEB1200704"|"consumable"
"FLEB1200702"|"consumable"
"FLEB1200903"|"consumable"
"FLEB1200902"|"consumable"
"FLEB1200901"|"consumable"
"FLEB1200904"|"consumable"
"FLEB1200501"|"consumable"
"FLEB1200502"|"consumable"
"FLEB1200503"|"consumable"
"NFLEB3010300"|"consumable"
"NFLEB3050104"|"consumable"
"NFLEB3050103"|"consumable"
"NFLEB3050105"|"consumable"
"NFLEB3050101"|"consumable"
"NFLEB3090500"|"consumable"
"NFLEB3090600"|"consumable"
"FLEB1710600"|"consumable"
"FLEB1720300"|"consumable"
"FLEB1720400"|"consumable"
"FLEB1720500"|"consumable"
"FLEB1720100"|"consumable"
"FLEB1730400"|"consumable"
"FLEB1760500"|"consumable"
"FLEB1780100"|"consumable"
"FLEB1714300"|"consumable"
"FLEB1714200"|"consumable"
"FLEB1714600"|"consumable"
"FLEB1790020"|"consumable"
"FLEB1790100"|"consumable"
"FLEB1790170"|"consumable"
"FLEB1790160"|"consumable"
"FLEB1790180"|"consumable"
"FLEB1790150"|"consumable"
"FLEB1790023"|"consumable"
"FLEB1790024"|"consumable"
"FLEB1790500"|"consumable"
"FLEB1790022"|"consumable"
"FLEB1790300"|"consumable"
"FLEB1790110"|"consumable"
"FLEB1790900"|"consumable"
"FLEB1790190"|"consumable"
"FLEB1790800"|"consumable"
"FLEB1790120"|"consumable"
"FLEB1790130"|"consumable"
"FLEB1790140"|"consumable"
"FLEB1621000"|"consumable"
"FLEB1790021"|"consumable"
"FLEB1790025"|"consumable"
"FLEB1620700"|"consumable"
"FLEB1620600"|"consumable"
"FLEB1620800"|"consumable"
"FLEB1650400"|"consumable"
"FLEB1650300"|"consumable"
"FLEB1660600"|"consumable"
"FLEB1660200"|"consumable"
"FLEB1660700"|"consumable"
"FLEB6020200"|"consumable"
"FLEB6030100"|"consumable"
"FLEB6040100"|"consumable"
"FLEB6040200"|"consumable"
"FLEB6050400"|"consumable"
"FLEB6050100"|"consumable"
"FLEB6050700"|"consumable"
"FLEB6050500"|"consumable"
"FLEB6060300"|"consumable"
"FLEB6060800"|"consumable"
"NFLEB9010200"|"consumable"
"NFLEB7030500"|"consumable"
"NFLEB9020100"|"consumable"
"FLEB1110100"|"consumable"
"NFLEB9020500"|"consumable"
"FLEB1110900"|"consumable"
"FLEB1110400"|"consumable"
"FLEB1110800"|"consumable"
"FLEB1110500"|"consumable"
"FLEB1140100"|"consumable"
"FLEB1120400"|"consumable"
"FLEB1120500"|"consumable"
"NFLEB21020100"|"consumable"
"FLEB1120300"|"consumable"
"NFLEB21020300"|"consumable"
"NFLEB21020200"|"consumable"
"NFLEB21040100"|"consumable"
"NFLEB21040200"|"consumable"
"NFLEB21050100"|"consumable"
"NFLEB21030700"|"consumable"
"NFLEB21030300"|"consumable"
"NFLEB21030500"|"consumable"
"NFLEB21030400"|"consumable"
"NFLEB21030600"|"consumable"
"NFLEB21030200"|"consumable"
"NFLEB21030100"|"consumable"
"NFLEB21010200"|"consumable"
"NFLEB21010300"|"consumable"
"NFLEB21010100"|"consumable"
"FLEB1208011"|"consumable"
"NFLEB2112050"|"consumable"
"FLEB1200466"|"consumable"
"FLEB1570600"|"consumable"
"FLEB1010600"|"consumable"
"FLEB1714211"|"consumable"
"FLEB1714212"|"consumable"
"FLEB1010500"|"consumable"
"FLEB6050800"|"consumable"
"NFLEB7030900"|"consumable"
"FLEB1010100"|"consumable"
"FLEB1020102"|"consumable"
"FLEB1020101"|"consumable"
"FLEB1020301"|"consumable"
"FLEB1020501"|"consumable"
"FLEB1020502"|"consumable"
"FLEB1020703"|"consumable"
"FLEB1020701"|"consumable"
"FLEB1020906"|"consumable"
"FLEB1040202"|"consumable"
"FLEB1040203"|"consumable"
"FLEB1040204"|"consumable"
"FLEB1040102"|"consumable"
"FLEB1040101"|"consumable"
"FLEB1040308"|"consumable"
"FLEB1040307"|"consumable"
"FLEB1040301"|"consumable"
"FLEB1040304"|"consumable"
"FLEB1040303"|"consumable"
"FLEB1040302"|"consumable"
"NFLEB2010202"|"consumable"
"NFLEB2040503"|"consumable"
"NFLEB2050303"|"consumable"
"NFLEB2112031"|"consumable"
"NFLEB2070201"|"consumable"
"NFLEB2070203"|"consumable"
"NFLEB2080102"|"consumable"
"NFLEB2090202"|"consumable"
"NFLEB2090201"|"consumable"
"NFLEB2090203"|"consumable"
"NFLEB2100201"|"consumable"
"NFLEB2100202"|"consumable"
"FLEB1510303"|"consumable"
"FLEB1510306"|"consumable"
"FLEB1510301"|"consumable"
"FLEB1510304"|"consumable"
"FLEB1510309"|"consumable"
"FLEB1510305"|"consumable"
"FLEB1510501"|"consumable"
"FLEB1510504"|"consumable"
"FLEB1510503"|"consumable"
"FLEB1520104"|"consumable"
"FLEB1520105"|"consumable"
"FLEB1520106"|"consumable"
"FLEB1520101"|"consumable"
"FLEB1520103"|"consumable"
"FLEB1520102"|"consumable"
"FLEB1520107"|"consumable"
"FLEB1520203"|"consumable"
"FLEB1520209"|"consumable"
"FLEB1520207"|"consumable"
"FLEB1520208"|"consumable"
"FLEB1520202"|"consumable"
"FLEB1520201"|"consumable"
"FLEB1520302"|"consumable"
"FLEB1520301"|"consumable"
"FLEB1530101"|"consumable"
"FLEB1530102"|"consumable"
"FLEB1540203"|"consumable"
"FLEB1540103"|"consumable"
"FLEB1540201"|"consumable"
"FLEB1540101"|"consumable"
"FLEB1540102"|"consumable"
"FLEB1540104"|"consumable"
"FLEB1550101"|"consumable"
"FLEB1550102"|"consumable"
"FLEB1550107"|"consumable"
"FLEB1550105"|"consumable"
"FLEB1550104"|"consumable"
"FLEB1550201"|"consumable"
"FLEB1550204"|"consumable"
"FLEB1550202"|"consumable"
"FLEB1560207"|"consumable"
"FLEB1560206"|"consumable"
"FLEB1560203"|"consumable"
"FLEB1560201"|"consumable"
"FLEB1560210"|"consumable"
"FLEB1560205"|"consumable"
"FLEB1560209"|"consumable"
"FLEB1560202"|"consumable"
"FLEB1560211"|"consumable"
"FLEB1560204"|"consumable"
"FLEB1560302"|"consumable"
"FLEB1560208"|"consumable"
"FLEB1570104"|"consumable"
"FLEB1570103"|"consumable"
"FLEB1570105"|"consumable"
"FLEB1200417"|"consumable"
"FLEB1200413"|"consumable"
"FLEB1200414"|"consumable"
"FLEB1200415"|"consumable"
"FLEB1200416"|"consumable"
"FLEB1200453"|"consumable"
"FLEB1200452"|"consumable"
"FLEB1200455"|"consumable"
"FLEB1200454"|"consumable"
"FLEB1200451"|"consumable"
"FLEB1200457"|"consumable"
"FLEB1200459"|"consumable"
"FLEB1200458"|"consumable"
"FLEB1200431"|"consumable"
"FLEB1200432"|"consumable"
"FLEB1200433"|"consumable"
"FLEB1200456"|"consumable"
"FLEB1200434"|"consumable"
"FLEB1200435"|"consumable"
"FLEB12004883"|"consumable"
"FLEB12004885"|"consumable"
"FLEB12004882"|"consumable"
"FLEB12004881"|"consumable"
"FLEB12004886"|"consumable"
"FLEB12004887"|"consumable"
"FLEB12004884"|"consumable"
"FLEB120049912"|"consumable"
"FLEB120049913"|"consumable"
"FLEB120049911"|"consumable"
"FLEB12004999"|"consumable"
"FLEB12004443"|"consumable"
"FLEB12004444"|"consumable"
"FLEB12004442"|"consumable"
"FLEB12004446"|"consumable"
"FLEB12004441"|"consumable"
"FLEB1205023"|"consumable"
"FLEB12004445"|"consumable"
"FLEB1205026"|"consumable"
"FLEB1205024"|"consumable"
"FLEB1205025"|"consumable"
"FLEB1205027"|"consumable"
"FLEB1205011"|"consumable"
"FLEB1205012"|"consumable"
"FLEB1205081"|"consumable"
"NFLEB3010201"|"consumable"
"NFLEB3010404"|"consumable"
"FLEB1205082"|"consumable"
"NFLEB3010403"|"consumable"
"NFLEB3010405"|"consumable"
"NFLEB3020403"|"consumable"
"NFLEB3040201"|"consumable"
"NFLEB3060103"|"consumable"
"NFLEB3060105"|"consumable"
"NFLEB3080103"|"consumable"
"NFLEB3080102"|"consumable"
"NFLEB3080201"|"consumable"
"NFLEB3080306"|"consumable"
"NFLEB3080304"|"consumable"
"FLEB1710103"|"consumable"
"FLEB1710101"|"consumable"
"FLEB1710201"|"consumable"
"FLEB1710202"|"consumable"
"FLEB1710102"|"consumable"
"FLEB1710301"|"consumable"
"FLEB1710402"|"consumable"
"FLEB1710302"|"consumable"
"FLEB1710405"|"consumable"
"FLEB1710401"|"consumable"
"FLEB1710403"|"consumable"
"FLEB1710404"|"consumable"
"FLEB1710501"|"consumable"
"FLEB1710502"|"consumable"
"FLEB1720207"|"consumable"
"FLEB1720201"|"consumable"
"FLEB1720204"|"consumable"
"FLEB1720203"|"consumable"
"FLEB1730102"|"consumable"
"FLEB1730101"|"consumable"
"FLEB1730301"|"consumable"
"FLEB1740111"|"consumable"
"FLEB1740112"|"consumable"
"FLEB1740109"|"consumable"
"FLEB1740104"|"consumable"
"FLEB1740101"|"consumable"
"FLEB1740108"|"consumable"
"FLEB1740107"|"consumable"
"FLEB1740110"|"consumable"
"FLEB1740102"|"consumable"
"FLEB1740103"|"consumable"
"FLEB1740113"|"consumable"
"FLEB1740105"|"consumable"
"FLEB1740204"|"consumable"
"FLEB1740206"|"consumable"
"FLEB1740205"|"consumable"
"FLEB1740209"|"consumable"
"FLEB1740203"|"consumable"
"FLEB1740202"|"consumable"
"FLEB1740208"|"consumable"
"FLEB1740201"|"consumable"
"FLEB1740302"|"consumable"
"FLEB1740303"|"consumable"
"FLEB1740301"|"consumable"
"FLEB1740402"|"consumable"
"FLEB1740409"|"consumable"
"FLEB1740403"|"consumable"
"FLEB1740405"|"consumable"
"FLEB1740401"|"consumable"
"FLEB1740404"|"consumable"
"FLEB1750204"|"consumable"
"FLEB1750206"|"consumable"
"FLEB1750202"|"consumable"
"FLEB1750205"|"consumable"
"FLEB1750203"|"consumable"
"FLEB1750207"|"consumable"
"FLEB1750201"|"consumable"
"FLEB1750106"|"consumable"
"FLEB1750102"|"consumable"
"FLEB1750101"|"consumable"
"FLEB1750103"|"consumable"
"FLEB1750105"|"consumable"
"FLEB1750104"|"consumable"
"FLEB1760105"|"consumable"
"FLEB1760102"|"consumable"
"FLEB1760103"|"consumable"
"FLEB1760107"|"consumable"
"FLEB1760104"|"consumable"
"FLEB1760601"|"consumable"
"FLEB1760602"|"consumable"
"FLEB1760603"|"consumable"
"FLEB1760304"|"consumable"
"FLEB1760306"|"consumable"
"FLEB1760301"|"consumable"
"FLEB1760305"|"consumable"
"FLEB1760309"|"consumable"
"FLEB1760402"|"consumable"
"FLEB1760411"|"consumable"
"FLEB1760413"|"consumable"
"FLEB1760407"|"consumable"
"FLEB1760409"|"consumable"
"FLEB1760408"|"consumable"
"FLEB1760404"|"consumable"
"FLEB1700203"|"consumable"
"FLEB1700204"|"consumable"
"FLEB1760412"|"consumable"
"FLEB1700207"|"consumable"
"FLEB1700208"|"consumable"
"FLEB1700201"|"consumable"
"FLEB1700303"|"consumable"
"FLEB1700301"|"consumable"
"FLEB1700101"|"consumable"
"FLEB1700103"|"consumable"
"FLEB1780211"|"consumable"
"FLEB1780206"|"consumable"
"FLEB1780209"|"consumable"
"FLEB1780203"|"consumable"
"FLEB1780204"|"consumable"
"FLEB1780208"|"consumable"
"FLEB1701233"|"consumable"
"FLEB1780205"|"consumable"
"FLEB1701225"|"consumable"
"FLEB1701226"|"consumable"
"FLEB1701224"|"consumable"
"FLEB1701221"|"consumable"
"FLEB1701222"|"consumable"
"FLEB1701223"|"consumable"
"FLEB1701288"|"consumable"
"FLEB1701299"|"consumable"
"FLEB1701235"|"consumable"
"FLEB1701237"|"consumable"
"FLEB1701239"|"consumable"
"FLEB1701231"|"consumable"
"FLEB1701232"|"consumable"
"FLEB1701238"|"consumable"
"FLEB1701247"|"consumable"
"FLEB1701234"|"consumable"
"FLEB1701243"|"consumable"
"FLEB1701259"|"consumable"
"FLEB1701246"|"consumable"
"FLEB1701249"|"consumable"
"FLEB1701245"|"consumable"
"FLEB1701244"|"consumable"
"FLEB1701242"|"consumable"
"FLEB1701311"|"consumable"
"FLEB1701324"|"consumable"
"FLEB1701322"|"consumable"
"FLEB1701323"|"consumable"
"FLEB1701327"|"consumable"
"FLEB1701329"|"consumable"
"FLEB1701328"|"consumable"
"FLEB1701349"|"consumable"
"FLEB1701326"|"consumable"
"FLEB1701325"|"consumable"
"FLEB1701341"|"consumable"
"FLEB1701342"|"consumable"
"FLEB1701368"|"consumable"
"FLEB1701363"|"consumable"
"FLEB1701367"|"consumable"
"FLEB1701361"|"consumable"
"FLEB1701365"|"consumable"
"FLEB1701351"|"consumable"
"FLEB1701352"|"consumable"
"FLEB1701355"|"consumable"
"FLEB1701353"|"consumable"
"FLEB1701356"|"consumable"
"FLEB1714502"|"consumable"
"FLEB1714501"|"consumable"
"FLEB1714505"|"consumable"
"FLEB1714503"|"consumable"
"FLEB1714504"|"consumable"
"FLEB1714114"|"consumable"
"FLEB1714121"|"consumable"
"FLEB1714115"|"consumable"
"FLEB1714117"|"consumable"
"FLEB1714111"|"consumable"
"FLEB1714112"|"consumable"
"FLEB1714113"|"consumable"
"FLEB1714116"|"consumable"
"FLEB1714118"|"consumable"
"FLEB1714119"|"consumable"
"FLEB1714120"|"consumable"
"FLEB1714406"|"consumable"
"FLEB1714401"|"consumable"
"FLEB1714403"|"consumable"
"FLEB1714409"|"consumable"
"FLEB1714801"|"consumable"
"FLEB1714806"|"consumable"
"FLEB1714803"|"consumable"
"FLEB1714805"|"consumable"
"FLEB1714802"|"consumable"
"FLEB1714908"|"consumable"
"FLEB1714906"|"consumable"
"FLEB1714904"|"consumable"
"FLEB1714909"|"consumable"
"FLEB1714901"|"consumable"
"FLEB1714907"|"consumable"
"FLEB1714902"|"consumable"
"FLEB1714905"|"consumable"
"FLEB1790403"|"consumable"
"FLEB1790402"|"consumable"
"FLEB1790401"|"consumable"
"FLEB1790404"|"consumable"
"FLEB1790606"|"consumable"
"FLEB1790607"|"consumable"
"FLEB1790601"|"consumable"
"FLEB1790602"|"consumable"
"FLEB1790604"|"consumable"
"FLEB1790603"|"consumable"
"FLEB1790605"|"consumable"
"FLEB1620101"|"consumable"
"FLEB1620103"|"consumable"
"FLEB1620108"|"consumable"
"FLEB1620104"|"consumable"
"FLEB1620107"|"consumable"
"FLEB1620114"|"consumable"
"FLEB1620116"|"consumable"
"FLEB1620115"|"consumable"
"FLEB1620105"|"consumable"
"FLEB1620106"|"consumable"
"FLEB1620102"|"consumable"
"FLEB1620204"|"consumable"
"FLEB1620202"|"consumable"
"FLEB1620303"|"consumable"
"FLEB1620201"|"consumable"
"FLEB1620301"|"consumable"
"FLEB1620302"|"consumable"
"FLEB1620506"|"consumable"
"FLEB1620505"|"consumable"
"FLEB1620502"|"consumable"
"FLEB1620508"|"consumable"
"FLEB1620501"|"consumable"
"FLEB1620504"|"consumable"
"FLEB1630114"|"consumable"
"FLEB1620503"|"consumable"
"FLEB1630113"|"consumable"
"FLEB1630109"|"consumable"
"FLEB1630106"|"consumable"
"FLEB1630108"|"consumable"
"FLEB1630107"|"consumable"
"FLEB1630102"|"consumable"
"FLEB1630105"|"consumable"
"FLEB1630101"|"consumable"
"FLEB1630224"|"consumable"
"FLEB1630226"|"consumable"
"FLEB1630231"|"consumable"
"FLEB1630232"|"consumable"
"FLEB1630227"|"consumable"
"FLEB1630218"|"consumable"
"FLEB1630221"|"consumable"
"FLEB1630212"|"consumable"
"FLEB1630233"|"consumable"
"FLEB1630204"|"consumable"
"FLEB1630216"|"consumable"
"FLEB1630201"|"consumable"
"FLEB1630206"|"consumable"
"FLEB1630299"|"consumable"
"FLEB1630215"|"consumable"
"FLEB1630222"|"consumable"
"FLEB1630229"|"consumable"
"FLEB1630203"|"consumable"
"FLEB1630209"|"consumable"
"FLEB1630202"|"consumable"
"FLEB1630230"|"consumable"
"FLEB1630213"|"consumable"
"FLEB1630702"|"consumable"
"FLEB1630704"|"consumable"
"FLEB1630701"|"consumable"
"FLEB1630703"|"consumable"
"FLEB1630705"|"consumable"
"FLEB1630301"|"consumable"
"FLEB1630303"|"consumable"
"FLEB1630302"|"consumable"
"FLEB1630407"|"consumable"
"FLEB1630401"|"consumable"
"FLEB1630408"|"consumable"
"FLEB1630406"|"consumable"
"FLEB1630403"|"consumable"
"FLEB1630405"|"consumable"
"FLEB1630404"|"consumable"
"FLEB1630402"|"consumable"
"FLEB1630524"|"consumable"
"FLEB1630507"|"consumable"
"FLEB1630522"|"consumable"
"FLEB1630505"|"consumable"
"FLEB1630512"|"consumable"
"FLEB1630511"|"consumable"
"FLEB1630508"|"consumable"
"FLEB1630506"|"consumable"
"FLEB1630501"|"consumable"
"FLEB1630502"|"consumable"
"FLEB1630503"|"consumable"
"FLEB1630523"|"consumable"
"FLEB1630514"|"consumable"
"FLEB1630509"|"consumable"
"FLEB1630513"|"consumable"
"FLEB1630504"|"consumable"
"FLEB1630599"|"consumable"
"FLEB1630521"|"consumable"
"FLEB1630517"|"consumable"
"FLEB1630519"|"consumable"
"FLEB1630518"|"consumable"
"FLEB1630612"|"consumable"
"FLEB1630615"|"consumable"
"FLEB1630601"|"consumable"
"FLEB1630603"|"consumable"
"FLEB1630607"|"consumable"
"FLEB1630614"|"consumable"
"FLEB1630608"|"consumable"
"FLEB1640204"|"consumable"
"FLEB1640202"|"consumable"
"FLEB1640205"|"consumable"
"FLEB1640203"|"consumable"
"FLEB1640201"|"consumable"
"FLEB1650105"|"consumable"
"FLEB1650101"|"consumable"
"FLEB1650103"|"consumable"
"FLEB1650104"|"consumable"
"FLEB1650102"|"consumable"
"FLEB1650201"|"consumable"
"FLEB1650202"|"consumable"
"FLEB1660101"|"consumable"
"FLEB1660108"|"consumable"
"FLEB1660123"|"consumable"
"FLEB1660104"|"consumable"
"FLEB1660119"|"consumable"
"FLEB1660116"|"consumable"
"FLEB1660105"|"consumable"
"FLEB1660111"|"consumable"
"FLEB1660120"|"consumable"
"FLEB1660117"|"consumable"
"FLEB1660121"|"consumable"
"FLEB1660112"|"consumable"
"FLEB1660113"|"consumable"
"FLEB1660118"|"consumable"
"FLEB1660103"|"consumable"
"FLEB1660106"|"consumable"
"FLEB1660114"|"consumable"
"FLEB1660122"|"consumable"
"FLEB1660509"|"consumable"
"FLEB1660505"|"consumable"
"FLEB1660107"|"consumable"
"FLEB1660512"|"consumable"
"FLEB1660501"|"consumable"
"FLEB1660513"|"consumable"
"FLEB1660522"|"consumable"
"FLEB16605017"|"consumable"
"FLEB16605018"|"consumable"
"FLEB1660514"|"consumable"
"FLEB1660507"|"consumable"
"FLEB1660510"|"consumable"
"FLEB1660521"|"consumable"
"FLEB1660503"|"consumable"
"FLEB1660511"|"consumable"
"FLEB1660502"|"consumable"
"FLEB1670211"|"consumable"
"FLEB1670209"|"consumable"
"FLEB1670201"|"consumable"
"FLEB1670208"|"consumable"
"FLEB1670202"|"consumable"
"FLEB1670216"|"consumable"
"FLEB1670206"|"consumable"
"FLEB1670203"|"consumable"
"FLEB1670204"|"consumable"
"FLEB1670205"|"consumable"
"FLEB1670212"|"consumable"
"FLEB1670215"|"consumable"
"FLEB1670213"|"consumable"
"FLEB1670305"|"consumable"
"FLEB1670302"|"consumable"
"FLEB1670306"|"consumable"
"FLEB1670304"|"consumable"
"FLEB1670303"|"consumable"
"FLEB1670309"|"consumable"
"FLEB1670311"|"consumable"
"FLEB1670301"|"consumable"
"FLEB1670401"|"consumable"
"FLEB1670416"|"consumable"
"FLEB1670402"|"consumable"
"FLEB1670415"|"consumable"
"FLEB1670403"|"consumable"
"FLEB1670414"|"consumable"
"FLEB1670701"|"consumable"
"FLEB1670703"|"consumable"
"FLEB1670702"|"consumable"
"FLEB1670602"|"consumable"
"FLEB1670603"|"consumable"
"FLEB1670601"|"consumable"
"FLEB1670704"|"consumable"
"FLEB1670516"|"consumable"
"FLEB1670519"|"consumable"
"FLEB1670506"|"consumable"
"FLEB1670521"|"consumable"
"FLEB1670502"|"consumable"
"FLEB1670504"|"consumable"
"FLEB1670523"|"consumable"
"FLEB1670503"|"consumable"
"FLEB1670505"|"consumable"
"FLEB1670801"|"consumable"
"FLEB1670802"|"consumable"
"FLEB1670803"|"consumable"
"FLEB1670805"|"consumable"
"FLEB1670804"|"consumable"
"FLEB1670806"|"consumable"
"FLEB6010102"|"consumable"
"FLEB6010101"|"consumable"
"FLEB6010201"|"consumable"
"FLEB6010202"|"consumable"
"FLEB6020102"|"consumable"
"FLEB6020103"|"consumable"
"FLEB6020104"|"consumable"
"FLEB6020105"|"consumable"
"FLEB6020107"|"consumable"
"FLEB6020101"|"consumable"
"FLEB6020112"|"consumable"
"FLEB6020108"|"consumable"
"FLEB6020106"|"consumable"
"FLEB6020110"|"consumable"
"FLEB6020109"|"consumable"
"FLEB6040302"|"consumable"
"FLEB6020111"|"consumable"
"FLEB6040306"|"consumable"
"FLEB6040303"|"consumable"
"FLEB6040305"|"consumable"
"FLEB6040304"|"consumable"
"FLEB6040301"|"consumable"
"FLEB6040401"|"consumable"
"FLEB6040405"|"consumable"
"FLEB6040402"|"consumable"
"FLEB6040502"|"consumable"
"FLEB6040403"|"consumable"
"FLEB6040404"|"consumable"
"FLEB6050302"|"consumable"
"FLEB6040501"|"consumable"
"FLEB6050303"|"consumable"
"FLEB6050305"|"consumable"
"FLEB6050307"|"consumable"
"FLEB6050304"|"consumable"
"FLEB6050306"|"consumable"
"FLEB6060102"|"consumable"
"FLEB6050309"|"consumable"
"FLEB6060104"|"consumable"
"FLEB6060101"|"consumable"
"FLEB6060103"|"consumable"
"FLEB6060402"|"consumable"
"FLEB6060201"|"consumable"
"FLEB6060202"|"consumable"
"FLEB6060406"|"consumable"
"FLEB6060401"|"consumable"
"FLEB6060405"|"consumable"
"FLEB6060403"|"consumable"
"FLEB6060407"|"consumable"
"FLEB6060408"|"consumable"
"FLEB6060503"|"consumable"
"FLEB6060501"|"consumable"
"FLEB6060502"|"consumable"
"FLEB6060111"|"consumable"
"FLEB6060116"|"consumable"
"FLEB6060113"|"consumable"
"FLEB6060115"|"consumable"
"FLEB6060114"|"consumable"
"FLEB6060601"|"consumable"
"FLEB6060602"|"consumable"
"FLEB6060709"|"consumable"
"FLEB6060707"|"consumable"
"FLEB6060706"|"consumable"
"FLEB6060705"|"consumable"
"FLEB6060703"|"consumable"
"FLEB6060704"|"consumable"
"FLEB6061103"|"consumable"
"FLEB6061101"|"consumable"
"FLEB6060708"|"consumable"
"FLEB6061102"|"consumable"
"FLEB6060904"|"consumable"
"FLEB6061104"|"consumable"
"FLEB6060905"|"consumable"
"FLEB6060906"|"consumable"
"FLEB6060901"|"consumable"
"FLEB6060907"|"consumable"
"FLEB6060903"|"consumable"
"FLEB6061001"|"consumable"
"FLEB6060902"|"consumable"
"FLEB6061004"|"consumable"
"FLEB6061002"|"consumable"
"NFLEB7030205"|"consumable"
"NFLEB7030208"|"consumable"
"NFLEB7030207"|"consumable"
"NFLEB7030201"|"consumable"
"NFLEB7030202"|"consumable"
"NFLEB7030203"|"consumable"
"NFLEB7030210"|"consumable"
"FLEB1110201"|"consumable"
"FLEB1110205"|"consumable"
"FLEB1110302"|"consumable"
"FLEB1120102"|"consumable"
"FLEB1120202"|"consumable"
"FLEB1120101"|"consumable"
"FLEB1120201"|"consumable"
"FLEB6060711"|"consumable"
"FLEB1630598"|"consumable"
"FLEB1740115"|"consumable"
"FLEB1630625"|"consumable"
"FLEB12004551"|"consumable"
"FLEB12004552"|"consumable"
"FLEB12004555"|"consumable"
"FLEB12004553"|"consumable"
"FLEB120045556"|"consumable"
"FLEB12004991"|"consumable"
"FLEB12004992"|"consumable"
"FLEB12004994"|"consumable"
"FLEB12004995"|"consumable"
"FLEB12004993"|"consumable"
"FLEB12004996"|"consumable"
"FLEB12004334"|"consumable"
"FLEB12004332"|"consumable"
"FLEB12004333"|"consumable"
"FLEB12004331"|"consumable"
"FLEB12004336"|"consumable"
"FLEB12004335"|"consumable"
"FLEB12004337"|"consumable"
"FLEB12004338"|"consumable"
"FLEB12004771"|"consumable"
"FLEB12004339"|"consumable"
"FLEB12004772"|"consumable"
"FLEB12004773"|"consumable"
"FLEB12004774"|"consumable"
"FLEB12004775"|"consumable"
"FLEB12004776"|"consumable"
"FLEB1740304"|"consumable"
"FLEB1740215"|"consumable"
"FLEB1740214"|"consumable"
"FLEB1750215"|"consumable"
"FLEB1740122"|"consumable"
"FLEB1750107"|"consumable"
"FLEB1750108"|"consumable"
"FLEB1750109"|"consumable"
"FLEB1760311"|"consumable"
"FLEB1750111"|"consumable"
"FLEB1760312"|"consumable"
"FLEB1760108"|"consumable"
"FLEB1760109"|"consumable"
"FLEB1700214"|"consumable"
"FLEB1700209"|"consumable"
"FLEB1700211"|"consumable"
"FLEB1700212"|"consumable"
"FLEB1700213"|"consumable"
"FLEB1701258"|"consumable"
"FLEB1701336"|"consumable"
"FLEB1701337"|"consumable"
"FLEB1701335"|"consumable"
"FLEB1701343"|"consumable"
"FLEB1701359"|"consumable"
"FLEB1714411"|"consumable"
"FLEB6020113"|"consumable"
"FLEB6060409"|"consumable"
"FLEB6060999"|"consumable"
"FLEB6060139"|"consumable"
"FLEB6060922"|"consumable"
"FLEB6061006"|"consumable"
"FLEB1670404"|"consumable"
"FLEB1670279"|"consumable"
"FLEB1670207"|"consumable"
"FLEB1630412"|"consumable"
"FLEB1670405"|"consumable"
"FLEB1670409"|"consumable"
"FLEB1670406"|"consumable"
"FLEB1670413"|"consumable"
"FLEB1670214"|"consumable"
"FLEB1620119"|"consumable"
"FLEB1670522"|"consumable"
"FLEB1630259"|"consumable"
"FLEB1630205"|"consumable"
"FLEB1630214"|"consumable"
"FLEB1630207"|"consumable"
"FLEB1520303"|"consumable"
"FLEB1510502"|"consumable"
"FLEB1560301"|"consumable"
"FLEB1701321"|"consumable"
"FLEB1701379"|"consumable"
"FLEB1701366"|"consumable"
"FLEB1701289"|"consumable"
"FLEB1701269"|"consumable"
"FLEB1714402"|"consumable"
"FLEB1760463"|"consumable"
"FLEB1760313"|"consumable"
"NFLEB7030206"|"consumable"
"FLEB1730302"|"consumable"
"FLEB1700102"|"consumable"
"FLEB1520206"|"consumable"
"FLEB1520211"|"consumable"
"NFLEB2020302"|"consumable"
"NFLEB2020303"|"consumable"
"NFLEB2100104"|"consumable"
"NFLEB2030102"|"consumable"
"NFLEB2030103"|"consumable"
"NFLEB2070302"|"consumable"
"NFLEB2030104"|"consumable"
"NFLEB2050202"|"consumable"
"NFLEB2011103"|"consumable"
"NFLEB2011102"|"consumable"
"NFLEB3021102"|"consumable"
"NFLEB2030403"|"consumable"
"NFLEB2030302"|"consumable"
"NFLEB2030308"|"consumable"
"NFLEB2030507"|"consumable"
"NFLEB2030508"|"consumable"
"NFLEB2030511"|"consumable"
"FLEB12004554"|"consumable"
"FLEB1630525"|"consumable"
"FLEB1630527"|"consumable"
"FLEB1620203"|"consumable"
"FLEB1620118"|"consumable"
"FLEB1670307"|"consumable"
"FLEB1670219"|"consumable"
"FLEB1670407"|"consumable"
"FLEB1670807"|"consumable"
"FLEB1670408"|"consumable"
"FLEB1670808"|"consumable"
"FLEB1670217"|"consumable"
"FLEB1670218"|"consumable"
"FLEB6050301"|"consumable"
"FLEB6060105"|"consumable"
"FLEB6060716"|"consumable"
"FLEB6060106"|"consumable"
"FLEB6040407"|"consumable"
"FLEB6040408"|"consumable"
"FLEB6040406"|"consumable"
"FLEB1700305"|"consumable"
"FLEB1620509"|"consumable"
"FLEB1630103"|"consumable"
"FLEB1630228"|"consumable"
"FLEB1701236"|"consumable"
"FLEB1701292"|"consumable"
"FLEB1760307"|"consumable"
"FLEB1760308"|"consumable"
"FLEB1510302"|"consumable"
"FLEB1701241"|"consumable"
"FLEB1714903"|"consumable"
"FLEB1750115"|"consumable"
"FLEB1200412"|"consumable"
"FLEB1790612"|"consumable"
"FLEB1700104"|"consumable"
"FLEB1200481"|"consumable"
"NFLEB2020307"|"consumable"
"NFLEB2100109"|"consumable"
"NFLEB2030105"|"consumable"
"NFLEB2030106"|"consumable"
"NFLEB2030107"|"consumable"
"NFLEB2020403"|"consumable"
"NFLEB2080107"|"consumable"
"NFLEB2030405"|"consumable"
"NFLEB2030406"|"consumable"
"NFLEB2030407"|"consumable"
"NFLEB2030309"|"consumable"
"FLEB12004997"|"consumable"
"FLEB12004998"|"consumable"
"FLEB1760303"|"consumable"
"FLEB1660109"|"consumable"
"FLEB1730200"|"consumable"
"FLEB1790200"|"consumable"
"NFLEB2011300"|"consumable"
"NFLEB3030500"|"consumable"
"FLEB1620120"|"consumable"
"FLEB1670900"|"consumable"
"FLEB1200603"|"consumable"
"FLEB1200604"|"consumable"
"FLEB1200605"|"consumable"
"FLEB1200601"|"consumable"
"FLEB6050600"|"consumable"
"FLEB1620400"|"consumable"
"FLEB1200606"|"consumable"
"FLEB1610513"|"consumable"
"FLEB1660124"|"consumable"
"FLEB1660125"|"consumable"
"FLEB1660506"|"consumable"
"FLEB1670300"|"consumable"
"FLEB1780300"|"consumable"
"FLEB1510600"|"consumable"
"FLEB1510110"|"consumable"
"FLEB1710700"|"consumable"
"FLEB1520500"|"consumable"
"NFLEB2112060"|"consumable"
"NFLEB2011400"|"consumable"
"NFLEB2011500"|"consumable"
"NFLEB2011600"|"consumable"
"NFLEB2011700"|"consumable"
"NFLEB2011800"|"consumable"
"NFLEB9020200"|"consumable"
"NFLEB9010100"|"consumable"
"NFLEB9020400"|"consumable"
"NFLEB9020600"|"consumable"
"NFLEB9020700"|"consumable"
