<?xml version="1.0" encoding="UTF-8"?>
<databaseChangeLog
        xmlns="http://www.liquibase.org/xml/ns/dbchangelog/1.9"
        xmlns:xsi="http://www.w3.org/2001/XMLSchema-instance"
        xsi:schemaLocation="http://www.liquibase.org/xml/ns/dbchangelog/1.9
        http://www.liquibase.org/xml/ns/dbchangelog/dbchangelog-1.9.xsd">

    <changeSet id="ean_core_attribute" author="pragarwal">
        <sql>
            INSERT INTO public.core_attribute(attr_name, attr_code, attr_type, data_type, country, active, group_code,
            example, display_order, multi_lang) VALUES
            ('EAN','ean','FOOD','Text','ALL',true,'PRODUCT_ENHANCEMENT',null, 1, false),
            ('EAN','ean','NONFOOD','Text','ALL',true,'PRODUCT_ENHANCEMENT', null, 1, false);
        </sql>
    </changeSet>

    <changeSet id="common_1" author="pragarwal">
        <sql>
            CREATE INDEX idx_category_country_type_modifiedDate ON category(country, category_type, modified_date);
        </sql>
    </changeSet>

    <changeSet id="alter-category-table" author="pragarwal">
        <sql>
            ALTER TABLE public.category
            ADD COLUMN IF NOT EXISTS l1_attr_code VARCHAR(50) default null,
            ADD COLUMN IF NOT EXISTS l2_attr_code VARCHAR(50) default null,
            ADD COLUMN IF NOT EXISTS l3_attr_code VARCHAR(50) default null,
            ADD COLUMN IF NOT EXISTS variant_image_level integer default null;

            ALTER TABLE public.category_translation
            ADD COLUMN IF NOT EXISTS l1_attr_name VARCHAR(255) default null,
            ADD COLUMN IF NOT EXISTS l2_attr_name VARCHAR(255) default null,
            ADD COLUMN IF NOT EXISTS l3_attr_name VARCHAR(255) default null;
        </sql>
    </changeSet>

    <changeSet id="insert-parent-variant-category" author="pragarwal">
        <sql>
            INSERT INTO public.category(id, country, code, parent_id, category_type)
            SELECT
            'variant_category_' || lower(trim(country)) AS id,
            trim(country) as country,
            'variant_category' AS code,
            'maf_category_' || lower(trim(country)) AS parent_id,
            'VARIANT' AS category_type
            FROM unnest(string_to_array('${countries}', ',')) AS country;

            INSERT INTO public.category_translation(language, category_id, name)
            SELECT
            'EN',
            'variant_category_' || lower(trim(country)) AS category_id,
            'Variant Category' AS name
            FROM unnest(string_to_array('${countries}', ',')) AS country;
        </sql>
    </changeSet>
    <changeSet id="alter-product-table" author="pragarwal">
        <sql>
            ALTER TABLE public.product
            ADD COLUMN IF NOT EXISTS status_start_date timestamp(6) without time zone default null,
            ADD COLUMN IF NOT EXISTS status_end_date timestamp(6) without time zone default null;
        </sql>
    </changeSet>

    <changeSet id="alter-product-table-enriched" author="pragarwal">
        <sql>
            ALTER TABLE public.product
            ADD COLUMN IF NOT EXISTS enriched boolean default false;
        </sql>
    </changeSet>

    <changeSet id="service_proposition-core-attribute" author="kkanwal">
        <sql>
            INSERT INTO public.core_attribute(
            attr_name, attr_type, attr_code, data_type, group_code, country, active, example, display_order, multi_lang)
            VALUES
            ('Service Proposition', 'NONFOOD', 'serviceProposition', 'Text', 'PRODUCT_ENHANCEMENT', 'ALL', true, 'DEFAULT', 12, false),
            ('Service Proposition', 'FOOD', 'serviceProposition', 'Text', 'PRODUCT_ENHANCEMENT', 'ALL', true, 'DEFAULT', 12, false);

        </sql>
    </changeSet>

    <changeSet id="alter-product-service_proposition" author="kkanwal">
        <sql>
            ALTER TABLE public.product
            ADD COLUMN IF NOT EXISTS service_proposition character varying(255)[];
        </sql>
    </changeSet>

</databaseChangeLog>
