<?xml version="1.0" encoding="UTF-8"?>

<databaseChangeLog
        xmlns="http://www.liquibase.org/xml/ns/dbchangelog/1.9"
        xmlns:xsi="http://www.w3.org/2001/XMLSchema-instance"
        xsi:schemaLocation="http://www.liquibase.org/xml/ns/dbchangelog/1.9
        http://www.liquibase.org/xml/ns/dbchangelog/dbchangelog-1.9.xsd">
    <changeSet id="2.1" author="pragarwal">
        <sqlFile path="classpath:/db/changelog/local/dml/pim_category_dml.sql" splitStatements="false" />
    </changeSet>
    <changeSet id="2.2" author="pragarwal">
        <sqlFile path="classpath:/db/changelog/local/dml/pim_category_trans_dml.sql" splitStatements="false" />
    </changeSet>
    <changeSet id="2.3" author="pragarwal">
        <sqlFile path="classpath:/db/changelog/local/dml/pim_classification_dml.sql" splitStatements="false" />
    </changeSet>
    <changeSet id="2.4" author="pragarwal">
        <sqlFile path="classpath:/db/changelog/local/dml/pim_classification_trans_dml.sql" splitStatements="false" />
    </changeSet>
    <changeSet id="2.5" author="pragarwal">
        <sqlFile path="classpath:/db/changelog/local/dml/pim_classification_parent_dml.sql" splitStatements="false" />
    </changeSet>
    <changeSet id="2.6" author="pragarwal">
        <sqlFile path="classpath:/db/changelog/local/dml/pim_category_classification_mapping_dml.sql" splitStatements="false" />
    </changeSet>
    <changeSet id="2.7" author="pragarwal">
        <sqlFile path="classpath:/db/changelog/local/dml/pim_attribute_dml.sql" splitStatements="false" />
    </changeSet>
    <changeSet id="2.8" author="pragarwal">
        <sqlFile path="classpath:/db/changelog/local/dml/pim_attribute_trans_dml.sql" splitStatements="false" />
    </changeSet>
    <changeSet id="2.9" author="pragarwal">
        <sqlFile path="classpath:/db/changelog/local/dml/pim_attribute_assignment_dml.sql" splitStatements="false" />
    </changeSet>
    <changeSet id="3.0" author="pragarwal">
        <sqlFile path="classpath:/db/changelog/local/dml/pim_food_class_attr_dml.sql" splitStatements="false" />
    </changeSet>
    <changeSet id="HEPP-121" author="pragarwal">
        <sql>
            INSERT INTO public.category(id, country, code, parent_id, category_type) VALUES
            ('03_034_366_106_lbn','LBN','03_034_366_106','03_034_366_lbn','GICA'),
            ('NFLEB81013999_lbn','LBN','NFLEB81013999','NFLEB8100000_lbn','NAVIGATION');

            INSERT INTO public.category_translation(language,category_id,name) VALUES
            ('EN','NFLEB81013999_lbn','Gift Bag');
        </sql>
    </changeSet>
    <changeSet id="HEPP-122" author="pragarwal">
        <sqlFile path="classpath:/db/changelog/local/dml/pim_core_attribute_updated_dml.sql" splitStatements="false" />
    </changeSet>
    <changeSet id="HEPP-129" author="pragarwal">
        <sql>
            INSERT INTO public.core_attribute(attr_name, attr_code, attr_type, data_type, country, active, group_code, example, display_order) VALUES
            ('Allergy Advice','allergyAdvice[en]','FOOD','Text','ALL',true,'PRODUCT_ENHANCEMENT',null,240),
            ('Ingredients','ingredients[en]','FOOD','Text','ALL',true,'PRODUCT_ENHANCEMENT',null,250),
            ('Preparation and Usage','preparationAndUSage[en]','FOOD','Text','ALL',true,'PRODUCT_ENHANCEMENT',null,260),
            ('Storage Condition','storageCondition[en]','FOOD','Text','ALL',true,'PRODUCT_ENHANCEMENT',null,270),
            ('Brand Marketing Message','brandMarketingMessage[en]','FOOD','Text','ALL',true,'PRODUCT_ENHANCEMENT',null,280),
            ('Brand Marketing Message','brandMarketingMessage[en]','NONFOOD','Text','ALL',true,'PRODUCT_ENHANCEMENT',null,280),
            ('Safety Warnings','safetyWarnings[en]','FOOD','Text','ALL',true,'PRODUCT_ENHANCEMENT',null,290),
            ('Safety Warnings','safetyWarnings[en]','NONFOOD','Text','ALL',true,'PRODUCT_ENHANCEMENT',null,290);
        </sql>
    </changeSet>
    <changeSet id="HEPP-147.2" author="pragarwal">
        <sqlFile path="classpath:/db/changelog/local/updates/root_classif_update_leb_dml.sql" splitStatements="false" />
        <sqlFile path="classpath:/db/changelog/local/updates/display_order_attr_assign_update_leb_dml.sql" splitStatements="false" />
    </changeSet>
</databaseChangeLog>
