<?xml version="1.0" encoding="UTF-8"?>

<databaseChangeLog
        xmlns="http://www.liquibase.org/xml/ns/dbchangelog/1.9"
        xmlns:xsi="http://www.w3.org/2001/XMLSchema-instance"
        xsi:schemaLocation="http://www.liquibase.org/xml/ns/dbchangelog/1.9
        http://www.liquibase.org/xml/ns/dbchangelog/dbchangelog-1.9.xsd">
    <include file="classpath:db/changelog/local/changelog_ddl.xml" />
    <include file="classpath:db/changelog/local/changelog_dml.xml" />
    <include file="classpath:db/changelog/local/KEN/changelog_ddl.xml" />
    <include file="classpath:db/changelog/local/KEN/changelog_dml.xml" />
    <include file="classpath:db/changelog/local/PAK/changelog_ddl.xml" />
    <include file="classpath:db/changelog/local/PAK/changelog_dml.xml" />
    <include file="classpath:db/changelog/local/JOR/changelog_ddl.xml" />
    <include file="classpath:db/changelog/local/JOR/changelog_dml.xml" />
    <include file="classpath:db/changelog/local/KWT/changelog_ddl.xml" />
    <include file="classpath:db/changelog/local/KWT/changelog_dml.xml" />
    <include file="classpath:db/changelog/local/BHR/changelog_ddl.xml" />
    <include file="classpath:db/changelog/local/BHR/changelog_dml.xml" />
    <include file="classpath:db/changelog/local/SAU/changelog_ddl.xml" />
    <include file="classpath:db/changelog/local/SAU/changelog_dml.xml" />
    <include file="classpath:db/changelog/local/UAE/changelog_ddl.xml" />
    <include file="classpath:db/changelog/local/UAE/changelog_dml.xml" />
    <include file="classpath:db/changelog/local/QAT/changelog_ddl.xml" />
    <include file="classpath:db/changelog/local/QAT/changelog_dml.xml" />
    <include file="classpath:db/changelog/local/EGY/changelog_ddl.xml" />
    <include file="classpath:db/changelog/local/EGY/changelog_dml.xml" />
    <include file="classpath:db/changelog/local/OMN/changelog_ddl.xml" />
    <include file="classpath:db/changelog/local/OMN/changelog_dml.xml" />
    <include file="classpath:db/changelog/local/common/common.xml" />
</databaseChangeLog>