<?xml version="1.0" encoding="UTF-8"?>

<databaseChangeLog
        xmlns="http://www.liquibase.org/xml/ns/dbchangelog/1.9"
        xmlns:xsi="http://www.w3.org/2001/XMLSchema-instance"
        xsi:schemaLocation="http://www.liquibase.org/xml/ns/dbchangelog/1.9
        http://www.liquibase.org/xml/ns/dbchangelog/dbchangelog-1.9.xsd">
    <changeSet id="HEPP-123" author="pjain">
        <sql>
            CREATE TABLE IF NOT EXISTS public.supplier (
            id varchar(255) NOT NULL,
            code varchar(255) NOT NULL,
            country varchar(30) NOT NULL,
            description varchar(255) NULL,
            contact_name varchar(255) NULL,
            street_name varchar(255) NULL,
            first_address varchar(255) NULL,
            second_address varchar(255) NULL,
            po_box varchar(50) NULL,
            city varchar(255) NULL,
            region_code varchar(50) NULL,
            country_code varchar(30) NULL,
            telephone varchar(50) NULL,
            telephone_post varchar(50) NULL,
            fax_number varchar(50) NULL,
            currency varchar(30) NULL,
            email varchar(255) NULL,
            code_country varchar(30),
            modified_date timestamp(6) without time zone DEFAULT (now() AT time zone 'UTC'),
            CONSTRAINT supplier_pk PRIMARY KEY (id),
            CONSTRAINT supplier_uk UNIQUE (code, country)
            );
        </sql>
    </changeSet>
    <changeSet id="HEPP-124" author="pjain">
        <sql>
            CREATE TABLE IF NOT EXISTS public.supplier_gima (
            product_code varchar(255) NOT NULL,
            country varchar(30) NOT NULL,
            supplier_id varchar(255) NOT NULL,
            pos varchar(255) NOT NULL,
            status varchar(255) NULL,
            reference varchar (255) NULL,
            modified_date timestamp(6) DEFAULT (NOW() AT TIME ZONE 'UTC'::text) NULL,
            CONSTRAINT supplier_gima_pk PRIMARY KEY (product_code, country, supplier_id, pos),
            CONSTRAINT supplier_gima_fk FOREIGN KEY (supplier_id) REFERENCES supplier(id)
            ) PARTITION BY LIST (country);

            CREATE TABLE public.supplier_gima_ken PARTITION OF public.supplier_gima FOR VALUES IN ('KEN');
            CREATE TABLE public.supplier_gima_lbn PARTITION OF public.supplier_gima FOR VALUES IN ('LBN');
            CREATE TABLE public.supplier_gima_pak PARTITION OF public.supplier_gima FOR VALUES IN ('PAK');
            CREATE TABLE public.supplier_gima_jor PARTITION OF public.supplier_gima FOR VALUES IN ('JOR');
        </sql>
    </changeSet>
    <changeSet id="HEPP-120" author="pjain">
        <sql>
            ALTER TABLE public.product ADD COLUMN supplier_id varchar(255);
            ALTER TABLE public.product ADD CONSTRAINT product_supplier_fk FOREIGN KEY (supplier_id) REFERENCES public.supplier(id);
        </sql>
    </changeSet>
    <changeSet id="HEPP-133" author="anusingh">
        <sql>
            CREATE TABLE IF NOT EXISTS public.sync_suppliers
            (
            country VARCHAR(255) PRIMARY KEY,
            suppliers VARCHAR(255)[]
            )
        </sql>
    </changeSet>
</databaseChangeLog>