<?xml version="1.0" encoding="UTF-8"?>

<databaseChangeLog
        xmlns="http://www.liquibase.org/xml/ns/dbchangelog/1.9"
        xmlns:xsi="http://www.w3.org/2001/XMLSchema-instance"
        xsi:schemaLocation="http://www.liquibase.org/xml/ns/dbchangelog/1.9
        http://www.liquibase.org/xml/ns/dbchangelog/dbchangelog-1.9.xsd">
    <changeSet id="Qat_rollout_1" author="ksingla">
        <sqlFile path="classpath:/db/changelog/local/QAT/dml/pim_category_dml.sql" splitStatements="false" />
    </changeSet>
    <changeSet id="Qat_rollout_2" author="ksingla">
        <sqlFile path="classpath:/db/changelog/local/QAT/dml/pim_category_trans_dml.sql" splitStatements="false" />
    </changeSet>
    <changeSet id="Qat_rollout_3" author="ksingla">
        <sqlFile path="classpath:/db/changelog/local/QAT/dml/pim_classification_dml.sql" splitStatements="false" />
    </changeSet>
    <changeSet id="Qat_rollout_4" author="ksingla">
        <sqlFile path="classpath:/db/changelog/local/QAT/dml/pim_classification_trans_dml.sql" splitStatements="false" />
    </changeSet>
    <changeSet id="Qat_rollout_5" author="ksingla">
        <sqlFile path="classpath:/db/changelog/local/QAT/dml/pim_classification_parent_dml.sql" splitStatements="false" />
    </changeSet>
    <changeSet id="Qat_rollout_6" author="ksingla">
        <sqlFile path="classpath:/db/changelog/local/QAT/dml/pim_category_classification_mapping_dml.sql" splitStatements="false" />
    </changeSet>
    <changeSet id="Qat_rollout_7" author="ksingla">
        <sqlFile path="classpath:/db/changelog/local/QAT/dml/pim_attribute_dml.sql" splitStatements="false" />
    </changeSet>
    <changeSet id="Qat_rollout_8" author="ksingla">
        <sqlFile path="classpath:/db/changelog/local/QAT/dml/pim_attribute_trans_dml.sql" splitStatements="false" />
    </changeSet>
    <changeSet id="Qat_rollout_9" author="ksingla">
        <sqlFile path="classpath:/db/changelog/local/QAT/dml/pim_attribute_assignment_dml.sql" splitStatements="false" />
    </changeSet>
    <changeSet id="Qat_rollout_10" author="ksingla">
        <sqlFile path="classpath:/db/changelog/local/QAT/dml/pim_food_class_attr_dml.sql" splitStatements="false" />
    </changeSet>
</databaseChangeLog>
